source,target,status
https://thailandaddict.com/the-best-hotel-wordpress-theme-2017,https://thailandaddict.com/,301
https://thailandaddict.com/the-best-hotel-wordpress-theme-2017/,https://thailandaddict.com/,301
https://thailandaddict.com/worlds-hottest-destinations-for-vegans,https://thailandaddict.com/,301
https://thailandaddict.com/worlds-hottest-destinations-for-vegans/,https://thailandaddict.com/,301
https://thailandaddict.com/love-advice-from-experts,https://thailandaddict.com/,301
https://thailandaddict.com/love-advice-from-experts/,https://thailandaddict.com/,301
https://thailandaddict.com/the-perfect-summer-body,https://thailandaddict.com/,301
https://thailandaddict.com/the-perfect-summer-body/,https://thailandaddict.com/,301
https://thailandaddict.com/a-rare-opportunity-to-try-foundry-coffee,https://thailandaddict.com/,301
https://thailandaddict.com/a-rare-opportunity-to-try-foundry-coffee/,https://thailandaddict.com/,301
https://thailandaddict.com/7-things-you-tell-people,https://thailandaddict.com/,301
https://thailandaddict.com/7-things-you-tell-people/,https://thailandaddict.com/,301
https://thailandaddict.com/the-sun-is-underappreciated,https://thailandaddict.com/,301
https://thailandaddict.com/the-sun-is-underappreciated/,https://thailandaddict.com/,301
https://thailandaddict.com/an-overly-close,https://thailandaddict.com/,301
https://thailandaddict.com/an-overly-close/,https://thailandaddict.com/,301
https://thailandaddict.com/the-santa-barbara-wildfire,https://thailandaddict.com/,301
https://thailandaddict.com/the-santa-barbara-wildfire/,https://thailandaddict.com/,301
https://thailandaddict.com/a-perfect-day-in-the-nature,https://thailandaddict.com/,301
https://thailandaddict.com/a-perfect-day-in-the-nature/,https://thailandaddict.com/,301
https://thailandaddict.com/a-smile-is-a-sign-of-friendliness,https://thailandaddict.com/,301
https://thailandaddict.com/a-smile-is-a-sign-of-friendliness/,https://thailandaddict.com/,301
https://thailandaddict.com/a-happy-fammily,https://thailandaddict.com/,301
https://thailandaddict.com/a-happy-fammily/,https://thailandaddict.com/,301
https://thailandaddict.com/you-big-profit,https://thailandaddict.com/,301
https://thailandaddict.com/you-big-profit/,https://thailandaddict.com/,301
https://thailandaddict.com/fashion-outfit,https://thailandaddict.com/,301
https://thailandaddict.com/fashion-outfit/,https://thailandaddict.com/,301
https://thailandaddict.com/topfive-hotels-bts,https://thailandaddict.com/top5-sanam-pao-bts-hotels-bangkok,301
https://thailandaddict.com/topfive-hotels-bts/,https://thailandaddict.com/top5-sanam-pao-bts-hotels-bangkok,301
https://thailandaddict.com/topnine-hotels-bts-mrt-morchit-chatuchak,https://thailandaddict.com/city-bangkok,301
https://thailandaddict.com/topnine-hotels-bts-mrt-morchit-chatuchak/,https://thailandaddict.com/city-bangkok,301
https://thailandaddict.com/topfive-hotels-bangchak-bts,https://thailandaddict.com/top5-bang-chak-bts-hotels-bangkok,301
https://thailandaddict.com/topfive-hotels-bangchak-bts/,https://thailandaddict.com/top5-bang-chak-bts-hotels-bangkok,301
https://thailandaddict.com/top11-ari-bts-hotels,https://thailandaddict.com/top11-ari-bts-hotels-bangkok,301
https://thailandaddict.com/top11-ari-bts-hotels/,https://thailandaddict.com/top11-ari-bts-hotels-bangkok,301
https://thailandaddict.com/top10-bts-ratchathewi-bangkok-hotels,https://thailandaddict.com/top10-ratchathewi-bts-hotels-bangkok,301
https://thailandaddict.com/top10-bts-ratchathewi-bangkok-hotels/,https://thailandaddict.com/top10-ratchathewi-bts-hotels-bangkok,301
https://thailandaddict.com/top-10-phayathai-bts-airport-link-hotels,https://thailandaddict.com/top10-phaya-thai-bts-hotels-bangkok,301
https://thailandaddict.com/top-10-phayathai-bts-airport-link-hotels/,https://thailandaddict.com/top10-phaya-thai-bts-hotels-bangkok,301
https://thailandaddict.com/top10-burirum-cheap-budget-hotels,https://thailandaddict.com/top10-buriram-budget-hotels,301
https://thailandaddict.com/top10-burirum-cheap-budget-hotels/,https://thailandaddict.com/top10-buriram-budget-hotels,301
https://thailandaddict.com/top10-buriram-hotels,https://thailandaddict.com/top10-buriram-popular-hotels,301
https://thailandaddict.com/top10-buriram-hotels/,https://thailandaddict.com/top10-buriram-popular-hotels,301
https://thailandaddict.com/top-10-buriram-travel-destination,https://thailandaddict.com/buriram-attractions,301
https://thailandaddict.com/top-10-buriram-travel-destination/,https://thailandaddict.com/buriram-attractions,301
https://thailandaddict.com/top10-chachoengsao-restaurants,https://thailandaddict.com/chachoengsao-food-guide,301
https://thailandaddict.com/top10-chachoengsao-restaurants/,https://thailandaddict.com/chachoengsao-food-guide,301
https://thailandaddict.com/top10-chachoengsao-hotels,https://thailandaddict.com/top10-chachoengsao-city-hotels,301
https://thailandaddict.com/top10-chachoengsao-hotels/,https://thailandaddict.com/top10-chachoengsao-city-hotels,301
https://thailandaddict.com/top10-chachoengsao-attractions,https://thailandaddict.com/chachoengsao-attractions,301
https://thailandaddict.com/top10-chachoengsao-attractions/,https://thailandaddict.com/chachoengsao-attractions,301
https://thailandaddict.com/top-4-hotels-kung-wiman-beach-chanthaburi,https://thailandaddict.com/top4-kung-wiman-beach-hotels-chanthaburi,301
https://thailandaddict.com/top-4-hotels-kung-wiman-beach-chanthaburi/,https://thailandaddict.com/top4-kung-wiman-beach-hotels-chanthaburi,301
https://thailandaddict.com/top5-hostel-chantaburee,https://thailandaddict.com/top5-hostels-chanthaburi,301
https://thailandaddict.com/top5-hostel-chantaburee/,https://thailandaddict.com/top5-hostels-chanthaburi,301
https://thailandaddict.com/top5-chanthaburi-hotels,https://thailandaddict.com/top5-boutique-hotels-chanthaburi,301
https://thailandaddict.com/top5-chanthaburi-hotels/,https://thailandaddict.com/top5-boutique-hotels-chanthaburi,301
https://thailandaddict.com/top9-hostels-chanthaburi-2,https://thailandaddict.com/top4-kung-wiman-beach-hotels-chanthaburi,301
https://thailandaddict.com/top9-hostels-chanthaburi-2/,https://thailandaddict.com/top4-kung-wiman-beach-hotels-chanthaburi,301
https://thailandaddict.com/top9-hostels-chanthaburi,https://thailandaddict.com/top5-soi-dao-mountain-view-hotels-chanthaburi,301
https://thailandaddict.com/top9-hostels-chanthaburi/,https://thailandaddict.com/top5-soi-dao-mountain-view-hotels-chanthaburi,301
https://thailandaddict.com/baan-rim-ao-chanthaburi,https://thailandaddict.com/review-baan-rim-ao-chanthaburi,301
https://thailandaddict.com/baan-rim-ao-chanthaburi/,https://thailandaddict.com/review-baan-rim-ao-chanthaburi,301
https://thailandaddict.com/top5-khung-chanthaburi-hotels,https://thailandaddict.com/top5-kung-kraben-community-hotels-chanthaburi,301
https://thailandaddict.com/top5-khung-chanthaburi-hotels/,https://thailandaddict.com/top5-kung-kraben-community-hotels-chanthaburi,301
https://thailandaddict.com/top5-chanthaburi-river-hotels,https://thailandaddict.com/top5-chanthaboon-riverside-hotels-chanthaburi,301
https://thailandaddict.com/top5-chanthaburi-river-hotels/,https://thailandaddict.com/top5-chanthaboon-riverside-hotels-chanthaburi,301
https://thailandaddict.com/top10-chao-lao-beach-chanthaburi-thailand,https://thailandaddict.com/top10-chao-lao-beach-hotels-chanthaburi,301
https://thailandaddict.com/top10-chao-lao-beach-chanthaburi-thailand/,https://thailandaddict.com/top10-chao-lao-beach-hotels-chanthaburi,301
https://thailandaddict.com/top10-chanthaburi-thailand-hotels,https://thailandaddict.com/top10-chanthaburi-city-hotels,301
https://thailandaddict.com/top10-chanthaburi-thailand-hotels/,https://thailandaddict.com/top10-chanthaburi-city-hotels,301
https://thailandaddict.com/top10-dinner-restaurant-chiang-mai-2566-2023,https://thailandaddict.com/chiang-mai-fine-dining,301
https://thailandaddict.com/top10-dinner-restaurant-chiang-mai-2566-2023/,https://thailandaddict.com/chiang-mai-fine-dining,301
https://thailandaddict.com/top-10-khao-soi-at-chiang-mai,https://thailandaddict.com/chiang-mai-khao-soi,301
https://thailandaddict.com/top-10-khao-soi-at-chiang-mai/,https://thailandaddict.com/chiang-mai-khao-soi,301
https://thailandaddict.com/top10-dinner-restaurant-chiang-mai,https://thailandaddict.com/chiang-mai-fine-dining,301
https://thailandaddict.com/top10-dinner-restaurant-chiang-mai/,https://thailandaddict.com/chiang-mai-fine-dining,301
https://thailandaddict.com/top-ten-nighttime-food-chiang-mai,https://thailandaddict.com/chiang-mai-street-food,301
https://thailandaddict.com/top-ten-nighttime-food-chiang-mai/,https://thailandaddict.com/chiang-mai-street-food,301
https://thailandaddict.com/walking-street-chiang-mai,https://thailandaddict.com/chiang-mai-sunday-walking-street,301
https://thailandaddict.com/walking-street-chiang-mai/,https://thailandaddict.com/chiang-mai-sunday-walking-street,301
https://thailandaddict.com/topten-restaurant-chiang-mai-food,https://thailandaddict.com/chiang-mai-food-guide,301
https://thailandaddict.com/topten-restaurant-chiang-mai-food/,https://thailandaddict.com/chiang-mai-food-guide,301
https://thailandaddict.com/top5-nature-chiang-mai-hotel,https://thailandaddict.com/top5-nature-hotels-chiang-mai,301
https://thailandaddict.com/top5-nature-chiang-mai-hotel/,https://thailandaddict.com/top5-nature-hotels-chiang-mai,301
https://thailandaddict.com/top5-luxary-5-stars-hotel-chiang-mai,https://thailandaddict.com/top5-luxury-5-star-hotels-chiang-mai,301
https://thailandaddict.com/top5-luxary-5-stars-hotel-chiang-mai/,https://thailandaddict.com/top5-luxury-5-star-hotels-chiang-mai,301
https://thailandaddict.com/top5-hotel-chiang-mai-we-travel-together,https://thailandaddict.com/top5-popular-hotels-chiang-mai,301
https://thailandaddict.com/top5-hotel-chiang-mai-we-travel-together/,https://thailandaddict.com/top5-popular-hotels-chiang-mai,301
https://thailandaddict.com/the-empress-premier-chiang-mai,https://thailandaddict.com/review-theempresspremierchiangmai-chiang-mai,301
https://thailandaddict.com/the-empress-premier-chiang-mai/,https://thailandaddict.com/review-theempresspremierchiangmai-chiang-mai,301
https://thailandaddict.com/chiang-mai-chala-number-6,https://thailandaddict.com/review-chalanumber6-chiang-mai,301
https://thailandaddict.com/chiang-mai-chala-number-6/,https://thailandaddict.com/review-chalanumber6-chiang-mai,301
https://thailandaddict.com/topten-hotels-chiangmai,https://thailandaddict.com/top10-wualai-walking-street-hotels-chiang-mai,301
https://thailandaddict.com/topten-hotels-chiangmai/,https://thailandaddict.com/top10-wualai-walking-street-hotels-chiang-mai,301
https://thailandaddict.com/top-ten-chiang-mai-hotels,https://thailandaddict.com/top10-popular-hotels-chiang-mai,301
https://thailandaddict.com/top-ten-chiang-mai-hotels/,https://thailandaddict.com/top10-popular-hotels-chiang-mai,301
https://thailandaddict.com/top-ten-hotels-chiang-mai,https://thailandaddict.com/top10-luxury-hotels-chiang-mai,301
https://thailandaddict.com/top-ten-hotels-chiang-mai/,https://thailandaddict.com/top10-luxury-hotels-chiang-mai,301
https://thailandaddict.com/topten-chiang-mai-hotels,https://thailandaddict.com/top10-nimman-budget-hotels-chiang-mai,301
https://thailandaddict.com/topten-chiang-mai-hotels/,https://thailandaddict.com/top10-nimman-budget-hotels-chiang-mai,301
https://thailandaddict.com/topten-hotels-chiang-mai,https://thailandaddict.com/top10-nature-view-hotels-chiang-mai,301
https://thailandaddict.com/topten-hotels-chiang-mai/,https://thailandaddict.com/top10-nature-view-hotels-chiang-mai,301
https://thailandaddict.com/tipten-chiang-mai-boutique-hotels,https://thailandaddict.com/top10-boutique-hotels-chiang-mai,301
https://thailandaddict.com/tipten-chiang-mai-boutique-hotels/,https://thailandaddict.com/top10-boutique-hotels-chiang-mai,301
https://thailandaddict.com/chiang-mai-road-trip-doi-angkhang,https://thailandaddict.com/chiang-mai-doi-angkhang-road-trip,301
https://thailandaddict.com/chiang-mai-road-trip-doi-angkhang/,https://thailandaddict.com/chiang-mai-doi-angkhang-road-trip,301
https://thailandaddict.com/top10-new-opening-travel-place-in-chiang-mai,https://thailandaddict.com/chiang-mai-new-attractions,301
https://thailandaddict.com/top10-new-opening-travel-place-in-chiang-mai/,https://thailandaddict.com/chiang-mai-new-attractions,301
https://thailandaddict.com/top10-nature-travel-chiang-mai,https://thailandaddict.com/chiang-mai-nature-doi-plan,301
https://thailandaddict.com/top10-nature-travel-chiang-mai/,https://thailandaddict.com/chiang-mai-nature-doi-plan,301
https://thailandaddict.com/top10-kid-travel-place-chiang-mai,https://thailandaddict.com/chiang-mai-kid-attractions,301
https://thailandaddict.com/top10-kid-travel-place-chiang-mai/,https://thailandaddict.com/chiang-mai-kid-attractions,301
https://thailandaddict.com/top20-travel-place-chiang-mai-by-traveloka,https://thailandaddict.com/chiang-mai-attractions,301
https://thailandaddict.com/top20-travel-place-chiang-mai-by-traveloka/,https://thailandaddict.com/chiang-mai-attractions,301
https://thailandaddict.com/ev-road-trip-bangkok-to-chiang-mai,https://thailandaddict.com/chiang-mai-ev-road-trip,301
https://thailandaddict.com/ev-road-trip-bangkok-to-chiang-mai/,https://thailandaddict.com/chiang-mai-ev-road-trip,301
https://thailandaddict.com/top15-travel-place-chiang-mai-by-traveloka,https://thailandaddict.com/chiang-mai-attractions,301
https://thailandaddict.com/top15-travel-place-chiang-mai-by-traveloka/,https://thailandaddict.com/chiang-mai-attractions,301
https://thailandaddict.com/topten-chiang-mai-check-in,https://thailandaddict.com/chiang-mai-photo-spots-plan,301
https://thailandaddict.com/topten-chiang-mai-check-in/,https://thailandaddict.com/chiang-mai-photo-spots-plan,301
https://thailandaddict.com/top10-chiang-rai-food-cafe,https://thailandaddict.com/chiang-rai-food-guide,301
https://thailandaddict.com/top10-chiang-rai-food-cafe/,https://thailandaddict.com/chiang-rai-food-guide,301
https://thailandaddict.com/top-10-hotels-chang-rai,https://thailandaddict.com/top10-nature-hotels-chiang-rai,301
https://thailandaddict.com/top-10-hotels-chang-rai/,https://thailandaddict.com/top10-nature-hotels-chiang-rai,301
https://thailandaddict.com/top-eight-hotels-chiang-rai,https://thailandaddict.com/top10-chiang-rai-city-hotels,301
https://thailandaddict.com/top-eight-hotels-chiang-rai/,https://thailandaddict.com/top10-chiang-rai-city-hotels,301
https://thailandaddict.com/top10-chiang-rai-destination,https://thailandaddict.com/chiang-rai-attractions,301
https://thailandaddict.com/top10-chiang-rai-destination/,https://thailandaddict.com/chiang-rai-attractions,301
https://thailandaddict.com/top7-japan-hotel-onsen-sriracha-chonburi,https://thailandaddict.com/top7-onsen-hotels-sriracha-chonburi,301
https://thailandaddict.com/top7-japan-hotel-onsen-sriracha-chonburi/,https://thailandaddict.com/top7-onsen-hotels-sriracha-chonburi,301
https://thailandaddict.com/top-10-pattaya-chonburi,https://thailandaddict.com/top10-luxury-hotels-pattaya,301
https://thailandaddict.com/top-10-pattaya-chonburi/,https://thailandaddict.com/top10-luxury-hotels-pattaya,301
https://thailandaddict.com/top7-hostel-tattaya-chonburi,https://thailandaddict.com/top7-hostels-pattaya,301
https://thailandaddict.com/top7-hostel-tattaya-chonburi/,https://thailandaddict.com/top7-hostels-pattaya,301
https://thailandaddict.com/top9-hotels-chonburi-province,https://thailandaddict.com/top10-chonburi-city-budget-hotels,301
https://thailandaddict.com/top9-hotels-chonburi-province/,https://thailandaddict.com/top10-chonburi-city-budget-hotels,301
https://thailandaddict.com/top-5-hotels-rayoung-pattaya,https://thailandaddict.com/top5-u-tapao-airport-hotels-chonburi,301
https://thailandaddict.com/top-5-hotels-rayoung-pattaya/,https://thailandaddict.com/top5-u-tapao-airport-hotels-chonburi,301
https://thailandaddict.com/top5-ang-sila-chonburi,https://thailandaddict.com/top5-ang-sila-hotels-chonburi,301
https://thailandaddict.com/top5-ang-sila-chonburi/,https://thailandaddict.com/top5-ang-sila-hotels-chonburi,301
https://thailandaddict.com/top-5-amata-nakorn-chonburi,https://thailandaddict.com/top5-amata-nakorn-hotels-chonburi,301
https://thailandaddict.com/top-5-amata-nakorn-chonburi/,https://thailandaddict.com/top5-amata-nakorn-hotels-chonburi,301
https://thailandaddict.com/top-10-sattahip-pattaya,https://thailandaddict.com/top10-sattahip-hotels-chonburi,301
https://thailandaddict.com/top-10-sattahip-pattaya/,https://thailandaddict.com/top10-sattahip-hotels-chonburi,301
https://thailandaddict.com/top-5-burapha-university-hotels-chonbulee,https://thailandaddict.com/top5-burapha-university-hotels-chonburi,301
https://thailandaddict.com/top-5-burapha-university-hotels-chonbulee/,https://thailandaddict.com/top5-burapha-university-hotels-chonburi,301
https://thailandaddict.com/top5-laemchabang-hotels-chonburi,https://thailandaddict.com/top5-laem-chabang-hotels-chonburi,301
https://thailandaddict.com/top5-laemchabang-hotels-chonburi/,https://thailandaddict.com/top5-laem-chabang-hotels-chonburi,301
https://thailandaddict.com/top-9-koh-sichang-chonburi-hotel,https://thailandaddict.com/top9-koh-sichang-hotels-chonburi,301
https://thailandaddict.com/top-9-koh-sichang-chonburi-hotel/,https://thailandaddict.com/top9-koh-sichang-hotels-chonburi,301
https://thailandaddict.com/top10-hotels-pattaya,https://thailandaddict.com/top10-budget-hotels-pattaya,301
https://thailandaddict.com/top10-hotels-pattaya/,https://thailandaddict.com/top10-budget-hotels-pattaya,301
https://thailandaddict.com/top15-hotels-chonburi-sriracha,https://thailandaddict.com/top15-hotels-sriracha-chonburi,301
https://thailandaddict.com/top15-hotels-chonburi-sriracha/,https://thailandaddict.com/top15-hotels-sriracha-chonburi,301
https://thailandaddict.com/top9-bangsaen-chon-buri,https://thailandaddict.com/top9-bangsaen-hotels-chonburi,301
https://thailandaddict.com/top9-bangsaen-chon-buri/,https://thailandaddict.com/top9-bangsaen-hotels-chonburi,301
https://thailandaddict.com/top9-hotels-bang-saray-pattaya,https://thailandaddict.com/top9-bang-saray-hotels-pattaya,301
https://thailandaddict.com/top9-hotels-bang-saray-pattaya/,https://thailandaddict.com/top9-bang-saray-hotels-pattaya,301
https://thailandaddict.com/top5-hotel-sriracha-chon-buri,https://thailandaddict.com/top5-budget-hotels-sriracha-chonburi,301
https://thailandaddict.com/top5-hotel-sriracha-chon-buri/,https://thailandaddict.com/top5-budget-hotels-sriracha-chonburi,301
https://thailandaddict.com/top10-amata-city-industrial-park-chanburi,https://thailandaddict.com/top10-amata-city-hotels-chonburi,301
https://thailandaddict.com/top10-amata-city-industrial-park-chanburi/,https://thailandaddict.com/top10-amata-city-hotels-chonburi,301
https://thailandaddict.com/top-ten-hotels-pattaya,https://thailandaddict.com/top10-jomtien-beach-hotels-pattaya,301
https://thailandaddict.com/top-ten-hotels-pattaya/,https://thailandaddict.com/top10-jomtien-beach-hotels-pattaya,301
https://thailandaddict.com/top10-hotels-walking-street-pattaya,https://thailandaddict.com/top10-walking-street-hotels-pattaya,301
https://thailandaddict.com/top10-hotels-walking-street-pattaya/,https://thailandaddict.com/top10-walking-street-hotels-pattaya,301
https://thailandaddict.com/top10-apartment-chonburi-pattaya,https://thailandaddict.com/top10-apartment-hotels-pattaya,301
https://thailandaddict.com/top10-apartment-chonburi-pattaya/,https://thailandaddict.com/top10-apartment-hotels-pattaya,301
https://thailandaddict.com/top-10-chonburi-province-hotel,https://thailandaddict.com/top10-pattaya-beachfront-resorts,301
https://thailandaddict.com/top-10-chonburi-province-hotel/,https://thailandaddict.com/top10-pattaya-beachfront-resorts,301
https://thailandaddict.com/top10-koh-larn-chonburi-hotel,https://thailandaddict.com/top10-koh-larn-beach-hotels,301
https://thailandaddict.com/top10-koh-larn-chonburi-hotel/,https://thailandaddict.com/top10-koh-larn-beach-hotels,301
https://thailandaddict.com/top10-pattaya-hotel,https://thailandaddict.com/top10-beach-hotels-pattaya,301
https://thailandaddict.com/top10-pattaya-hotel/,https://thailandaddict.com/top10-beach-hotels-pattaya,301
https://thailandaddict.com/japan-fish-market-in-bang-saen-chonburi,https://thailandaddict.com/bangsaen-beach-guide,301
https://thailandaddict.com/japan-fish-market-in-bang-saen-chonburi/,https://thailandaddict.com/bangsaen-beach-guide,301
https://thailandaddict.com/top-hotels-thongphaphum-kanchanaburi,https://thailandaddict.com/top9-thongphaphum-hotels-kanchanaburi,301
https://thailandaddict.com/top-hotels-thongphaphum-kanchanaburi/,https://thailandaddict.com/top9-thongphaphum-hotels-kanchanaburi,301
https://thailandaddict.com/top-3-kanchanaburi,https://thailandaddict.com/top3-srinakarin-dam-hotels-kanchanaburi,301
https://thailandaddict.com/top-3-kanchanaburi/,https://thailandaddict.com/top3-srinakarin-dam-hotels-kanchanaburi,301
https://thailandaddict.com/top9-resort-kanchanaburi,https://thailandaddict.com/top9-thongphaphum-hotels-kanchanaburi,301
https://thailandaddict.com/top9-resort-kanchanaburi/,https://thailandaddict.com/top9-thongphaphum-hotels-kanchanaburi,301
https://thailandaddict.com/top10-kanchanaburi-hotels,https://thailandaddict.com/top10-sai-yok-river-raft-hotels-kanchanaburi,301
https://thailandaddict.com/top10-kanchanaburi-hotels/,https://thailandaddict.com/top10-sai-yok-river-raft-hotels-kanchanaburi,301
https://thailandaddict.com/top5-hostel-kanchanaburi,https://thailandaddict.com/top4-hostels-kanchanaburi,301
https://thailandaddict.com/top5-hostel-kanchanaburi/,https://thailandaddict.com/top4-hostels-kanchanaburi,301
https://thailandaddict.com/top10-sangkhla-buri-kanchanaburi-hotels,https://thailandaddict.com/top10-sangkhlaburi-hotels-kanchanaburi,301
https://thailandaddict.com/top10-sangkhla-buri-kanchanaburi-hotels/,https://thailandaddict.com/top10-sangkhlaburi-hotels-kanchanaburi,301
https://thailandaddict.com/kg-house-kanchanaburi-switzerland-hallstatt-austria,https://thailandaddict.com/review-kg-house-kanchanaburi,301
https://thailandaddict.com/kg-house-kanchanaburi-switzerland-hallstatt-austria/,https://thailandaddict.com/review-kg-house-kanchanaburi,301
https://thailandaddict.com/top-ten-hotels-khon-kaen,https://thailandaddict.com/top10-khon-kaen-popular-hotels,301
https://thailandaddict.com/top-ten-hotels-khon-kaen/,https://thailandaddict.com/top10-khon-kaen-popular-hotels,301
https://thailandaddict.com/top10-khon-kaen-hotels-price-under-1000-bath,https://thailandaddict.com/top10-khon-kaen-budget-hotels,301
https://thailandaddict.com/top10-khon-kaen-hotels-price-under-1000-bath/,https://thailandaddict.com/top10-khon-kaen-budget-hotels,301
https://thailandaddict.com/top10-krabi-best-hotels,https://thailandaddict.com/top10-krabi-budget-city-hotels,301
https://thailandaddict.com/top10-krabi-best-hotels/,https://thailandaddict.com/top10-krabi-budget-city-hotels,301
https://thailandaddict.com/top5-krabi-airport-hotels,https://thailandaddict.com/top5-krabi-airport-hotels,301
https://thailandaddict.com/top5-krabi-airport-hotels/,https://thailandaddict.com/top5-krabi-airport-hotels,301
https://thailandaddict.com/top15-ao-nang-krabi-hotels,https://thailandaddict.com/top15-ao-nang-hotels-krabi,301
https://thailandaddict.com/top15-ao-nang-krabi-hotels/,https://thailandaddict.com/top15-ao-nang-hotels-krabi,301
https://thailandaddict.com/top-10-restaurant-ram-pang,https://thailandaddict.com/lampang-food-guide,301
https://thailandaddict.com/top-10-restaurant-ram-pang/,https://thailandaddict.com/lampang-food-guide,301
https://thailandaddict.com/top-ten-travel-lumpang,https://thailandaddict.com/lampang-attractions,301
https://thailandaddict.com/top-ten-travel-lumpang/,https://thailandaddict.com/lampang-attractions,301
https://thailandaddict.com/top-ten-travel-lamphan,https://thailandaddict.com/lamphun-attractions,301
https://thailandaddict.com/top-ten-travel-lamphan/,https://thailandaddict.com/lamphun-attractions,301
https://thailandaddict.com/top10-chiangkhan-loei-hotels,https://thailandaddict.com/top10-chiang-khan-hotels-loei,301
https://thailandaddict.com/top10-chiangkhan-loei-hotels/,https://thailandaddict.com/top10-chiang-khan-hotels-loei,301
https://thailandaddict.com/top-10-mae-hong-son-restaurant,https://thailandaddict.com/mae-hong-son-food-guide,301
https://thailandaddict.com/top-10-mae-hong-son-restaurant/,https://thailandaddict.com/mae-hong-son-food-guide,301
https://thailandaddict.com/top10-hotels-pai-mae-hong-son,https://thailandaddict.com/top10-nature-hotels-pai,301
https://thailandaddict.com/top10-hotels-pai-mae-hong-son/,https://thailandaddict.com/top10-nature-hotels-pai,301
https://thailandaddict.com/top-ten-hotels-mae-hong-son,https://thailandaddict.com/top10-mae-hong-son-city-hotels,301
https://thailandaddict.com/top-ten-hotels-mae-hong-son/,https://thailandaddict.com/top10-mae-hong-son-city-hotels,301
https://thailandaddict.com/top-10-travel-mae-hong-son,https://thailandaddict.com/mae-hong-son-attractions,301
https://thailandaddict.com/top-10-travel-mae-hong-son/,https://thailandaddict.com/mae-hong-son-attractions,301
https://thailandaddict.com/top-ten-travels-mae-hong-son,https://thailandaddict.com/pai-attractions,301
https://thailandaddict.com/top-ten-travels-mae-hong-son/,https://thailandaddict.com/pai-attractions,301
https://thailandaddict.com/top10-nakhon-phanom-food,https://thailandaddict.com/nakhon-phanom-isan-food,301
https://thailandaddict.com/top10-nakhon-phanom-food/,https://thailandaddict.com/nakhon-phanom-isan-food,301
https://thailandaddict.com/top10-nakhon-phanom-hotels,https://thailandaddict.com/top10-nakhon-phanom-riverside-hotels,301
https://thailandaddict.com/top10-nakhon-phanom-hotels/,https://thailandaddict.com/top10-nakhon-phanom-riverside-hotels,301
https://thailandaddict.com/top10-nakhon-phanom-destination,https://thailandaddict.com/nakhon-phanom-attractions,301
https://thailandaddict.com/top10-nakhon-phanom-destination/,https://thailandaddict.com/nakhon-phanom-attractions,301
https://thailandaddict.com/top10-nakhon-ratchasima-korat-food,https://thailandaddict.com/korat-isan-food,301
https://thailandaddict.com/top10-nakhon-ratchasima-korat-food/,https://thailandaddict.com/korat-isan-food,301
https://thailandaddict.com/top-12-hotels-khaoyai-nakhon-ratchasima,https://thailandaddict.com/top12-hotels-khao-yai,301
https://thailandaddict.com/top-12-hotels-khaoyai-nakhon-ratchasima/,https://thailandaddict.com/top12-hotels-khao-yai,301
https://thailandaddict.com/topfive-hotel-nakhon-ratchasima,https://thailandaddict.com/top5-phimai-hotels-nakhon-ratchasima,301
https://thailandaddict.com/topfive-hotel-nakhon-ratchasima/,https://thailandaddict.com/top5-phimai-hotels-nakhon-ratchasima,301
https://thailandaddict.com/top10-cheap-nakhon-ratchasima-korat-hotels,https://thailandaddict.com/top10-budget-hotels-korat,301
https://thailandaddict.com/top10-cheap-nakhon-ratchasima-korat-hotels/,https://thailandaddict.com/top10-budget-hotels-korat,301
https://thailandaddict.com/top10-wang-nam-kheaw-korat-hotels,https://thailandaddict.com/top10-wang-nam-khiao-hotels-nakhon-ratchasima,301
https://thailandaddict.com/top10-wang-nam-kheaw-korat-hotels/,https://thailandaddict.com/top10-wang-nam-khiao-hotels-nakhon-ratchasima,301
https://thailandaddict.com/top15-khao-yai-korat-hotels,https://thailandaddict.com/top15-nature-hotels-khao-yai,301
https://thailandaddict.com/top15-khao-yai-korat-hotels/,https://thailandaddict.com/top15-nature-hotels-khao-yai,301
https://thailandaddict.com/top10-nakhon-ratchasima-korat-hotels,https://thailandaddict.com/top10-korat-city-hotels,301
https://thailandaddict.com/top10-nakhon-ratchasima-korat-hotels/,https://thailandaddict.com/top10-korat-city-hotels,301
https://thailandaddict.com/top10-nakhon-ratchasima-destination,https://thailandaddict.com/korat-attractions,301
https://thailandaddict.com/top10-nakhon-ratchasima-destination/,https://thailandaddict.com/korat-attractions,301
https://thailandaddict.com/topten-restaurants-cafes-nakhonsithammarat,https://thailandaddict.com/nakhon-si-thammarat-food-guide,301
https://thailandaddict.com/topten-restaurants-cafes-nakhonsithammarat/,https://thailandaddict.com/nakhon-si-thammarat-food-guide,301
https://thailandaddict.com/top10-travel-place-nakhon-si-thammarat-thailand,https://thailandaddict.com/nakhon-si-thammarat-attractions,301
https://thailandaddict.com/top10-travel-place-nakhon-si-thammarat-thailand/,https://thailandaddict.com/nakhon-si-thammarat-attractions,301
https://thailandaddict.com/top10-nan-restaurants,https://thailandaddict.com/nan-food-guide,301
https://thailandaddict.com/top10-nan-restaurants/,https://thailandaddict.com/nan-food-guide,301
https://thailandaddict.com/top10-boklua-nan-hotels,https://thailandaddict.com/top12-bo-kluea-sapan-nature-hotels-nan,301
https://thailandaddict.com/top10-boklua-nan-hotels/,https://thailandaddict.com/top12-bo-kluea-sapan-nature-hotels-nan,301
https://thailandaddict.com/top10-nan-nature-hotels,https://thailandaddict.com/top10-nature-hotels-nan,301
https://thailandaddict.com/top10-nan-nature-hotels/,https://thailandaddict.com/top10-nature-hotels-nan,301
https://thailandaddict.com/top10-nan-hotel,https://thailandaddict.com/top10-nan-city-hotels,301
https://thailandaddict.com/top10-nan-hotel/,https://thailandaddict.com/top10-nan-city-hotels,301
https://thailandaddict.com/top10-nan-destination,https://thailandaddict.com/nan-attractions,301
https://thailandaddict.com/top10-nan-destination/,https://thailandaddict.com/nan-attractions,301
https://thailandaddict.com/topten-nong-khai-restaurant,https://thailandaddict.com/nong-khai-isan-food,301
https://thailandaddict.com/topten-nong-khai-restaurant/,https://thailandaddict.com/nong-khai-isan-food,301
https://thailandaddict.com/topten-travels-nong-khai,https://thailandaddict.com/nong-khai-attractions,301
https://thailandaddict.com/topten-travels-nong-khai/,https://thailandaddict.com/nong-khai-attractions,301
https://thailandaddict.com/top10-5stars-khaolak-phangnga-hotels,https://thailandaddict.com/top10-khao-lak-5star-hotels-phang-nga,301
https://thailandaddict.com/top10-5stars-khaolak-phangnga-hotels/,https://thailandaddict.com/top10-khao-lak-5star-hotels-phang-nga,301
https://thailandaddict.com/top-10-phayao-restaurant,https://thailandaddict.com/phayao-food-guide,301
https://thailandaddict.com/top-10-phayao-restaurant/,https://thailandaddict.com/phayao-food-guide,301
https://thailandaddict.com/top10-phayao-food,https://thailandaddict.com/kwan-phayao-lakeside-cafe,301
https://thailandaddict.com/top10-phayao-food/,https://thailandaddict.com/kwan-phayao-lakeside-cafe,301
https://thailandaddict.com/top10-phayao-hotels-thailand,https://thailandaddict.com/top10-phayao-hotels,301
https://thailandaddict.com/top10-phayao-hotels-thailand/,https://thailandaddict.com/top10-phayao-hotels,301
https://thailandaddict.com/top10-phayao-destination,https://thailandaddict.com/phayao-attractions,301
https://thailandaddict.com/top10-phayao-destination/,https://thailandaddict.com/phayao-attractions,301
https://thailandaddict.com/top-ten-restaurant-phetchabun,https://thailandaddict.com/phetchabun-food-guide,301
https://thailandaddict.com/top-ten-restaurant-phetchabun/,https://thailandaddict.com/phetchabun-food-guide,301
https://thailandaddict.com/topten-restaurant-khaokho-phetchabun,https://thailandaddict.com/khao-kho-cafe-guide,301
https://thailandaddict.com/topten-restaurant-khaokho-phetchabun/,https://thailandaddict.com/khao-kho-cafe-guide,301
https://thailandaddict.com/top10-khaokho-food-cafe-restaurant,https://thailandaddict.com/khao-kho-cafe-guide,301
https://thailandaddict.com/top10-khaokho-food-cafe-restaurant/,https://thailandaddict.com/khao-kho-cafe-guide,301
https://thailandaddict.com/top10-khao-kho-phetchabun,https://thailandaddict.com/top10-khao-kho-romantic-hotels-phetchabun,301
https://thailandaddict.com/top10-khao-kho-phetchabun/,https://thailandaddict.com/top10-khao-kho-romantic-hotels-phetchabun,301
https://thailandaddict.com/top10-phetchabun-hotels,https://thailandaddict.com/top10-phetchabun-city-hotels,301
https://thailandaddict.com/top10-phetchabun-hotels/,https://thailandaddict.com/top10-phetchabun-city-hotels,301
https://thailandaddict.com/top10-cheap-khao-kho-phetchabun-hotels,https://thailandaddict.com/top10-budget-khao-kho-hotels-phetchabun,301
https://thailandaddict.com/top10-cheap-khao-kho-phetchabun-hotels/,https://thailandaddict.com/top10-budget-khao-kho-hotels-phetchabun,301
https://thailandaddict.com/top-ten-travel-phetchabun,https://thailandaddict.com/phetchabun-attractions,301
https://thailandaddict.com/top-ten-travel-phetchabun/,https://thailandaddict.com/phetchabun-attractions,301
https://thailandaddict.com/top10-khao-kho-phetchabun-destination,https://thailandaddict.com/khao-kho-guide,301
https://thailandaddict.com/top10-khao-kho-phetchabun-destination/,https://thailandaddict.com/khao-kho-guide,301
https://thailandaddict.com/top10-hotels-phetchaburi,https://thailandaddict.com/top10-cha-am-budget-hotels-phetchaburi,301
https://thailandaddict.com/top10-hotels-phetchaburi/,https://thailandaddict.com/top10-cha-am-budget-hotels-phetchaburi,301
https://thailandaddict.com/top-ten-restaurant-phrae,https://thailandaddict.com/phrae-food-guide,301
https://thailandaddict.com/top-ten-restaurant-phrae/,https://thailandaddict.com/phrae-food-guide,301
https://thailandaddict.com/top-ten-hotels-phrae,https://thailandaddict.com/top10-phrae-popular-hotels,301
https://thailandaddict.com/top-ten-hotels-phrae/,https://thailandaddict.com/top10-phrae-popular-hotels,301
https://thailandaddict.com/top-ten-travel-phrae,https://thailandaddict.com/phrae-attractions,301
https://thailandaddict.com/top-ten-travel-phrae/,https://thailandaddict.com/phrae-attractions,301
https://thailandaddict.com/top-6-hotels-304-industrial-park-srimahapho-prachin-buri,https://thailandaddict.com/top6-304-industrial-hotels-prachinburi,301
https://thailandaddict.com/top-6-hotels-304-industrial-park-srimahapho-prachin-buri/,https://thailandaddict.com/top6-304-industrial-hotels-prachinburi,301
https://thailandaddict.com/top5-kabin-buri-prachin-buri-hotels,https://thailandaddict.com/top5-kabin-buri-hotels-prachinburi,301
https://thailandaddict.com/top5-kabin-buri-prachin-buri-hotels/,https://thailandaddict.com/top5-kabin-buri-hotels-prachinburi,301
https://thailandaddict.com/top10-prachin-buri-hotels,https://thailandaddict.com/top10-prachinburi-city-hotels,301
https://thailandaddict.com/top10-prachin-buri-hotels/,https://thailandaddict.com/top10-prachinburi-city-hotels,301
https://thailandaddict.com/5-hostel-huahin,https://thailandaddict.com/top5-hostels-huahin,301
https://thailandaddict.com/5-hostel-huahin/,https://thailandaddict.com/top5-hostels-huahin,301
https://thailandaddict.com/top10-hotels-prachuap-khiri-khan,https://thailandaddict.com/top9-prachuap-city-hotels,301
https://thailandaddict.com/top10-hotels-prachuap-khiri-khan/,https://thailandaddict.com/top9-prachuap-city-hotels,301
https://thailandaddict.com/top10-prachuap-khiri-khan-hotels,https://thailandaddict.com/top8-budget-hotels-huahin,301
https://thailandaddict.com/top10-prachuap-khiri-khan-hotels/,https://thailandaddict.com/top8-budget-hotels-huahin,301
https://thailandaddict.com/top4-resort-prachuap-khiri-khan,https://thailandaddict.com/top4-pranburi-resorts-prachuap-khiri-khan,301
https://thailandaddict.com/top4-resort-prachuap-khiri-khan/,https://thailandaddict.com/top4-pranburi-resorts-prachuap-khiri-khan,301
https://thailandaddict.com/top10-5star-hotels-hua-hin,https://thailandaddict.com/top10-luxury-5star-hotels-huahin,301
https://thailandaddict.com/top10-5star-hotels-hua-hin/,https://thailandaddict.com/top10-luxury-5star-hotels-huahin,301
https://thailandaddict.com/top5-hotels-huay-yang-prachuap-khiri-khan,https://thailandaddict.com/top5-huay-yang-beach-hotels-prachuap-khiri-khan,301
https://thailandaddict.com/top5-hotels-huay-yang-prachuap-khiri-khan/,https://thailandaddict.com/top5-huay-yang-beach-hotels-prachuap-khiri-khan,301
https://thailandaddict.com/top3-bang-saphan-noi-prachuap-khiri-khan-hotels,https://thailandaddict.com/top3-bang-saphan-noi-hotels-prachuap-khiri-khan,301
https://thailandaddict.com/top3-bang-saphan-noi-prachuap-khiri-khan-hotels/,https://thailandaddict.com/top3-bang-saphan-noi-hotels-prachuap-khiri-khan,301
https://thailandaddict.com/top10-hotels-sam-roi-yot-prachuap-khiri-khan,https://thailandaddict.com/top10-sam-roi-yot-hotels-prachuap-khiri-khan,301
https://thailandaddict.com/top10-hotels-sam-roi-yot-prachuap-khiri-khan/,https://thailandaddict.com/top10-sam-roi-yot-hotels-prachuap-khiri-khan,301
https://thailandaddict.com/top6-bang-saphan-prachuap-khiri-khan-hotels,https://thailandaddict.com/top6-bang-saphan-hotels-prachuap-khiri-khan,301
https://thailandaddict.com/top6-bang-saphan-prachuap-khiri-khan-hotels/,https://thailandaddict.com/top6-bang-saphan-hotels-prachuap-khiri-khan,301
https://thailandaddict.com/top-15-huahin-hotels,https://thailandaddict.com/top15-popular-hotels-huahin,301
https://thailandaddict.com/top-15-huahin-hotels/,https://thailandaddict.com/top15-popular-hotels-huahin,301
https://thailandaddict.com/top5-huay-yang-beach-prachuap-khiri-khan,https://thailandaddict.com/top5-huay-yang-thap-sakae-hotels-prachuap-khiri-khan,301
https://thailandaddict.com/top5-huay-yang-beach-prachuap-khiri-khan/,https://thailandaddict.com/top5-huay-yang-thap-sakae-hotels-prachuap-khiri-khan,301
https://thailandaddict.com/top5-khlong-wan-prachuap-khiri-khan-hotels,https://thailandaddict.com/top5-khlong-wan-beach-hotels-prachuap-khiri-khan,301
https://thailandaddict.com/top5-khlong-wan-prachuap-khiri-khan-hotels/,https://thailandaddict.com/top5-khlong-wan-beach-hotels-prachuap-khiri-khan,301
https://thailandaddict.com/top10-night-market-huahin-hotels,https://thailandaddict.com/top10-night-market-hotels-huahin,301
https://thailandaddict.com/top10-night-market-huahin-hotels/,https://thailandaddict.com/top10-night-market-hotels-huahin,301
https://thailandaddict.com/top10-prachuap-khiri-khan-hotel,https://thailandaddict.com/top10-prachuap-city-scenic-hotels,301
https://thailandaddict.com/top10-prachuap-khiri-khan-hotel/,https://thailandaddict.com/top10-prachuap-city-scenic-hotels,301
https://thailandaddict.com/top10-khao-takiab-beach-huahin-hotel,https://thailandaddict.com/top10-khao-takiab-beach-hotels-huahin,301
https://thailandaddict.com/top10-khao-takiab-beach-huahin-hotel/,https://thailandaddict.com/top10-khao-takiab-beach-hotels-huahin,301
https://thailandaddict.com/top-5-hotel-ratchaburi,https://thailandaddict.com/top5-suan-phung-budget-hotels-ratchaburi,301
https://thailandaddict.com/top-5-hotel-ratchaburi/,https://thailandaddict.com/top5-suan-phung-budget-hotels-ratchaburi,301
https://thailandaddict.com/top10-ratchaburi-hotels,https://thailandaddict.com/top10-ratchaburi-city-hotels,301
https://thailandaddict.com/top10-ratchaburi-hotels/,https://thailandaddict.com/top10-ratchaburi-city-hotels,301
https://thailandaddict.com/top15-suan-phung-ratchaburi-hotel,https://thailandaddict.com/top15-suan-phung-hotels-ratchaburi,301
https://thailandaddict.com/top15-suan-phung-ratchaburi-hotel/,https://thailandaddict.com/top15-suan-phung-hotels-ratchaburi,301
https://thailandaddict.com/4top-rayoung-wang-keaw,https://thailandaddict.com/top4-wang-kaew-beach-hotels-rayong,301
https://thailandaddict.com/4top-rayoung-wang-keaw/,https://thailandaddict.com/top4-wang-kaew-beach-hotels-rayong,301
https://thailandaddict.com/top4-ban-chang-hotels-ra-yong,https://thailandaddict.com/top4-ban-chang-hotels-rayong,301
https://thailandaddict.com/top4-ban-chang-hotels-ra-yong/,https://thailandaddict.com/top4-ban-chang-hotels-rayong,301
https://thailandaddict.com/top-5-mae-phim-beach-rayogg,https://thailandaddict.com/top5-mae-phim-beach-hotels-rayong,301
https://thailandaddict.com/top-5-mae-phim-beach-rayogg/,https://thailandaddict.com/top5-mae-phim-beach-hotels-rayong,301
https://thailandaddict.com/top5-hotels-rayoung,https://thailandaddict.com/top5-khao-laem-ya-hotels-rayong,301
https://thailandaddict.com/top5-hotels-rayoung/,https://thailandaddict.com/top5-khao-laem-ya-hotels-rayong,301
https://thailandaddict.com/top10-cheap-samet-samed-rayong-hotels,https://thailandaddict.com/top10-budget-hotels-koh-samet,301
https://thailandaddict.com/top10-cheap-samet-samed-rayong-hotels/,https://thailandaddict.com/top10-budget-hotels-koh-samet,301
https://thailandaddict.com/top10-cheap-rayong-hotels,https://thailandaddict.com/top10-budget-hotels-rayong,301
https://thailandaddict.com/top10-cheap-rayong-hotels/,https://thailandaddict.com/top10-budget-hotels-rayong,301
https://thailandaddict.com/top10-rayong-hotels,https://thailandaddict.com/top10-rayong-city-hotels,301
https://thailandaddict.com/top10-rayong-hotels/,https://thailandaddict.com/top10-rayong-city-hotels,301
https://thailandaddict.com/top10-samet-island-hotel,https://thailandaddict.com/top10-beach-hotels-koh-samet,301
https://thailandaddict.com/top10-samet-island-hotel/,https://thailandaddict.com/top10-beach-hotels-koh-samet,301
https://thailandaddict.com/top-10-travel-koh-samet,https://thailandaddict.com/koh-samet-guide,301
https://thailandaddict.com/top-10-travel-koh-samet/,https://thailandaddict.com/koh-samet-guide,301
https://thailandaddict.com/topten-restaurant-sakaeo,https://thailandaddict.com/sa-kaeo-street-food,301
https://thailandaddict.com/topten-restaurant-sakaeo/,https://thailandaddict.com/sa-kaeo-street-food,301
https://thailandaddict.com/top10-aranyaprathet-hotels,https://thailandaddict.com/top10-aranyaprathet-hotels-sa-kaeo,301
https://thailandaddict.com/top10-aranyaprathet-hotels/,https://thailandaddict.com/top10-aranyaprathet-hotels-sa-kaeo,301
https://thailandaddict.com/top9-sakaeo-hotels,https://thailandaddict.com/top9-sa-kaeo-city-hotels,301
https://thailandaddict.com/top9-sakaeo-hotels/,https://thailandaddict.com/top9-sa-kaeo-city-hotels,301
https://thailandaddict.com/kason-buffalo-training-school-sakaeo,https://thailandaddict.com/sa-kaeo-attractions,301
https://thailandaddict.com/kason-buffalo-training-school-sakaeo/,https://thailandaddict.com/sa-kaeo-attractions,301
https://thailandaddict.com/top10-travel-place-sakaeo,https://thailandaddict.com/sa-kaeo-attractions,301
https://thailandaddict.com/top10-travel-place-sakaeo/,https://thailandaddict.com/sa-kaeo-attractions,301
https://thailandaddict.com/top10-sakon-nakhon-food,https://thailandaddict.com/sakon-nakhon-isan-food,301
https://thailandaddict.com/top10-sakon-nakhon-food/,https://thailandaddict.com/sakon-nakhon-isan-food,301
https://thailandaddict.com/top10-sakon-nakhon-hotels,https://thailandaddict.com/top10-sakon-nakhon-popular-hotels,301
https://thailandaddict.com/top10-sakon-nakhon-hotels/,https://thailandaddict.com/top10-sakon-nakhon-popular-hotels,301
https://thailandaddict.com/top10-sakolnakorn-travel,https://thailandaddict.com/sakon-nakhon-attractions,301
https://thailandaddict.com/top10-sakolnakorn-travel/,https://thailandaddict.com/sakon-nakhon-attractions,301
https://thailandaddict.com/top-9-restaurant-tak,https://thailandaddict.com/tak-food-guide,301
https://thailandaddict.com/top-9-restaurant-tak/,https://thailandaddict.com/tak-food-guide,301
https://thailandaddict.com/top10-mae-sot-tak-hotels,https://thailandaddict.com/top10-mae-sot-hotels-tak,301
https://thailandaddict.com/top10-mae-sot-tak-hotels/,https://thailandaddict.com/top10-mae-sot-hotels-tak,301
https://thailandaddict.com/top10-tak-thailand-hotels,https://thailandaddict.com/top10-tak-city-hotels,301
https://thailandaddict.com/top10-tak-thailand-hotels/,https://thailandaddict.com/top10-tak-city-hotels,301
https://thailandaddict.com/top10-travel-tak,https://thailandaddict.com/tak-attractions,301
https://thailandaddict.com/top10-travel-tak/,https://thailandaddict.com/tak-attractions,301
https://thailandaddict.com/top-9-trad-travels,https://thailandaddict.com/trat-food-guide,301
https://thailandaddict.com/top-9-trad-travels/,https://thailandaddict.com/trat-food-guide,301
https://thailandaddict.com/6-restaurant-koh-chang-tard,https://thailandaddict.com/koh-chang-restaurants,301
https://thailandaddict.com/6-restaurant-koh-chang-tard/,https://thailandaddict.com/koh-chang-restaurants,301
https://thailandaddict.com/top-9-hotels-tard,https://thailandaddict.com/top9-trat-city-hotels,301
https://thailandaddict.com/top-9-hotels-tard/,https://thailandaddict.com/top9-trat-city-hotels,301
https://thailandaddict.com/top5-hostel-koh-chang,https://thailandaddict.com/top4-hostels-koh-chang,301
https://thailandaddict.com/top5-hostel-koh-chang/,https://thailandaddict.com/top4-hostels-koh-chang,301
https://thailandaddict.com/top15-koh-kud-hotels-tard,https://thailandaddict.com/top15-hotels-koh-kood,301
https://thailandaddict.com/top15-koh-kud-hotels-tard/,https://thailandaddict.com/top15-hotels-koh-kood,301
https://thailandaddict.com/top10-hotels-ko-mak-trad,https://thailandaddict.com/top10-hotels-koh-mak,301
https://thailandaddict.com/top10-hotels-ko-mak-trad/,https://thailandaddict.com/top10-hotels-koh-mak,301
https://thailandaddict.com/top5-hotels-koh-kood-trat,https://thailandaddict.com/top5-budget-hotels-koh-kood,301
https://thailandaddict.com/top5-hotels-koh-kood-trat/,https://thailandaddict.com/top5-budget-hotels-koh-kood,301
https://thailandaddict.com/top15-hotels-koh-chang-trat,https://thailandaddict.com/top15-hotels-koh-chang,301
https://thailandaddict.com/top15-hotels-koh-chang-trat/,https://thailandaddict.com/top15-hotels-koh-chang,301
https://thailandaddict.com/top-9-hotel-koh-chang-trat,https://thailandaddict.com/top9-white-sand-beach-hotels-koh-chang,301
https://thailandaddict.com/top-9-hotel-koh-chang-trat/,https://thailandaddict.com/top9-white-sand-beach-hotels-koh-chang,301
https://thailandaddict.com/top-nine-koh-chang-hotel,https://thailandaddict.com/top9-budget-hotels-koh-chang,301
https://thailandaddict.com/top-nine-koh-chang-hotel/,https://thailandaddict.com/top9-budget-hotels-koh-chang,301
https://thailandaddict.com/top-10-trat-travel,https://thailandaddict.com/trat-attractions,301
https://thailandaddict.com/top-10-trat-travel/,https://thailandaddict.com/trat-attractions,301
https://thailandaddict.com/top10-ubon-ratchathani-hotels-2,https://thailandaddict.com/top10-ubon-ratchathani-city-hotels,301
https://thailandaddict.com/top10-ubon-ratchathani-hotels-2/,https://thailandaddict.com/top10-ubon-ratchathani-city-hotels,301
https://thailandaddict.com/top10-ubon-ratchathani-hotels,https://thailandaddict.com/top10-ubon-ratchathani-budget-hotels,301
https://thailandaddict.com/top10-ubon-ratchathani-hotels/,https://thailandaddict.com/top10-ubon-ratchathani-budget-hotels,301
https://thailandaddict.com/top10-udonthani-hotels,https://thailandaddict.com/top10-udon-thani-popular-hotels,301
https://thailandaddict.com/top10-udonthani-hotels/,https://thailandaddict.com/top10-udon-thani-popular-hotels,301
https://thailandaddict.com/top-ten-restaurant-coffee-shop,https://thailandaddict.com/chiang-mai-out-of-town-dining,301
https://thailandaddict.com/top-ten-restaurant-coffee-shop/,https://thailandaddict.com/chiang-mai-out-of-town-dining,301
https://thailandaddict.com/top5-hotels-rayoug,https://thailandaddict.com/top5-suan-son-beach-hotels-rayong,301
https://thailandaddict.com/top5-hotels-rayoug/,https://thailandaddict.com/top5-suan-son-beach-hotels-rayong,301
https://thailandaddict.com/top-20-temple-in-thailand-by-traveloka,https://thailandaddict.com/thailand-best-temples,301
https://thailandaddict.com/top-20-temple-in-thailand-by-traveloka/,https://thailandaddict.com/thailand-best-temples,301
https://thailandaddict.com/chaing-mai-travel-green-trip-3day-2night,https://thailandaddict.com/chiang-mai-3d2n-itinerary,301
https://thailandaddict.com/chaing-mai-travel-green-trip-3day-2night/,https://thailandaddict.com/chiang-mai-3d2n-itinerary,301
https://thailandaddict.com/road-trip-to-phitsanulok-by-traveloka,https://thailandaddict.com/phitsanulok-attractions,301
https://thailandaddict.com/road-trip-to-phitsanulok-by-traveloka/,https://thailandaddict.com/phitsanulok-attractions,301
https://thailandaddict.com/top-nine-travel,https://thailandaddict.com/phayao-attractions,301
https://thailandaddict.com/top-nine-travel/,https://thailandaddict.com/phayao-attractions,301
https://thailandaddict.com/about-us,https://thailandaddict.com/about,301
https://thailandaddict.com/about-us/,https://thailandaddict.com/about,301
https://thailandaddict.com/contact-us,https://thailandaddict.com/contact,301
https://thailandaddict.com/contact-us/,https://thailandaddict.com/contact,301
https://thailandaddict.com/contact-us-2,https://thailandaddict.com/contact,301
https://thailandaddict.com/contact-us-2/,https://thailandaddict.com/contact,301
https://thailandaddict.com/contact-new,https://thailandaddict.com/contact,301
https://thailandaddict.com/contact-new/,https://thailandaddict.com/contact,301
https://thailandaddict.com/privacy-policy-2,https://thailandaddict.com/privacy,301
https://thailandaddict.com/privacy-policy-2/,https://thailandaddict.com/privacy,301
https://thailandaddict.com/terms-and-conditions,https://thailandaddict.com/privacy,301
https://thailandaddict.com/terms-and-conditions/,https://thailandaddict.com/privacy,301
https://thailandaddict.com/terms-of-service,https://thailandaddict.com/privacy,301
https://thailandaddict.com/terms-of-service/,https://thailandaddict.com/privacy,301
https://thailandaddict.com/tour-term-condition,https://thailandaddict.com/privacy,301
https://thailandaddict.com/tour-term-condition/,https://thailandaddict.com/privacy,301
https://thailandaddict.com/bangkok,https://thailandaddict.com/city-bangkok,301
https://thailandaddict.com/bangkok/,https://thailandaddict.com/city-bangkok,301
https://thailandaddict.com/central-thailand,https://thailandaddict.com/region-central,301
https://thailandaddict.com/central-thailand/,https://thailandaddict.com/region-central,301
https://thailandaddict.com/eastern-thailand,https://thailandaddict.com/region-east,301
https://thailandaddict.com/eastern-thailand/,https://thailandaddict.com/region-east,301
https://thailandaddict.com/isan-northeastern-thailand,https://thailandaddict.com/region-isan,301
https://thailandaddict.com/isan-northeastern-thailand/,https://thailandaddict.com/region-isan,301
https://thailandaddict.com/northern-thailand,https://thailandaddict.com/region-north,301
https://thailandaddict.com/northern-thailand/,https://thailandaddict.com/region-north,301
https://thailandaddict.com/southern-thailand,https://thailandaddict.com/region-south,301
https://thailandaddict.com/southern-thailand/,https://thailandaddict.com/region-south,301
https://thailandaddict.com/western-thailand,https://thailandaddict.com/region-west,301
https://thailandaddict.com/western-thailand/,https://thailandaddict.com/region-west,301
https://thailandaddict.com/top-destination-thailand,https://thailandaddict.com/destinations,301
https://thailandaddict.com/top-destination-thailand/,https://thailandaddict.com/destinations,301
https://thailandaddict.com/top-destination,https://thailandaddict.com/destinations,301
https://thailandaddict.com/top-destination/,https://thailandaddict.com/destinations,301
https://thailandaddict.com/tips,https://thailandaddict.com/plan-your-trip,301
https://thailandaddict.com/tips/,https://thailandaddict.com/plan-your-trip,301
https://thailandaddict.com/travel-tips,https://thailandaddict.com/plan-your-trip,301
https://thailandaddict.com/travel-tips/,https://thailandaddict.com/plan-your-trip,301
https://thailandaddict.com/top10-chiangmai-thailand-travel-food-hotels,https://thailandaddict.com/city-chiang-mai,301
https://thailandaddict.com/top10-chiangmai-thailand-travel-food-hotels/,https://thailandaddict.com/city-chiang-mai,301
https://thailandaddict.com/top-10-hotels-nakhon-ratchasima,https://thailandaddict.com/city-nakhon-ratchasima,301
https://thailandaddict.com/top-10-hotels-nakhon-ratchasima/,https://thailandaddict.com/city-nakhon-ratchasima,301
https://thailandaddict.com/kg-house-kanchanaburi-hallstatt-austria,https://thailandaddict.com/city-kanchanaburi,301
https://thailandaddict.com/kg-house-kanchanaburi-hallstatt-austria/,https://thailandaddict.com/city-kanchanaburi,301
https://thailandaddict.com/food,https://thailandaddict.com/,301
https://thailandaddict.com/food/,https://thailandaddict.com/,301
https://thailandaddict.com/news,https://thailandaddict.com/,301
https://thailandaddict.com/news/,https://thailandaddict.com/,301
https://thailandaddict.com/blog,https://thailandaddict.com/,301
https://thailandaddict.com/blog/,https://thailandaddict.com/,301
https://thailandaddict.com/blogs,https://thailandaddict.com/,301
https://thailandaddict.com/blogs/,https://thailandaddict.com/,301
https://thailandaddict.com/tours,https://thailandaddict.com/,301
https://thailandaddict.com/tours/,https://thailandaddict.com/,301
